"block_index";"timestamp";"transaction_hash";"previous_hash";"block_hash"
0;1725631701;"89eb0ac031a63d2421cd05a2fbe41f3ea35f5c3712ca839cbf6b85c4ee07b7a3";"0";"de717c7183a18bfa452a31b507cb13a52018f715cf9a8cfe162f59069393a842"
1;1725631909;"04d16fcc728f7c20b84b34f19a44393c5ef69d8167163f65d4b2f877c6a2b2c2";"de717c7183a18bfa452a31b507cb13a52018f715cf9a8cfe162f59069393a842";"b4bbb5842438725fda9c5b21b02dfc2872f947190aa43831f7099989074bc992"
2;1725631980;"04d16fcc728f7c20b84b34f19a44393c5ef69d8167163f65d4b2f877c6a2b2c2";"b4bbb5842438725fda9c5b21b02dfc2872f947190aa43831f7099989074bc992";"6791be01e1329ab51549d3034d6eaee3204196b3a2076dabc4cab9268da4af70"
3;1725632079;"202cf5a0e54cdafbd0ce2f2b14b94a5708d6d2a2c701017f10a340bccc12af2a";"6791be01e1329ab51549d3034d6eaee3204196b3a2076dabc4cab9268da4af70";"5bd458bb3966e158bd87849d5458b7a70bbad547f08a44c1184e05c9e6fd92fa"
4;1725632191;"c24e9f5da0d04b3d5a9caf5e36c54e5f3d7381571ec1f10ce2dcab32a992752e";"5bd458bb3966e158bd87849d5458b7a70bbad547f08a44c1184e05c9e6fd92fa";"3d1f821a3f5fc0ed745d5635bfbb500a30f371f29d3bb1b986f5cfd02912c8b1"
5;1725632245;"8fc9ff9bc87df7b5d1521cb94c0869b86f779625a1479d6fe144d90820d6b1dd";"3d1f821a3f5fc0ed745d5635bfbb500a30f371f29d3bb1b986f5cfd02912c8b1";"cd474d08f88c20692c3c61e7fd9bd7f51e4ae9e68abe2974c99402191ea4c9c0"
6;1725632544;"606333613cc3097d3bc52106a0fb0931221fa8cf9367789159ff99962fcabbaa";"cd474d08f88c20692c3c61e7fd9bd7f51e4ae9e68abe2974c99402191ea4c9c0";"2b04cc35565bdc06a642201f05318b920d1dc96967857fffe2b3d8a00447fad6"
7;1725632624;"606333613cc3097d3bc52106a0fb0931221fa8cf9367789159ff99962fcabbaa";"2b04cc35565bdc06a642201f05318b920d1dc96967857fffe2b3d8a00447fad6";"8ac5d93dd5bed5a05ae0b44e0e0fea5f22572d56d00901d64076c5d9eb12202a"
8;1726750247;"324944c173e70ae5125bfb225e550f7a91932f96df1525502c0e2f487f0895a2";"8ac5d93dd5bed5a05ae0b44e0e0fea5f22572d56d00901d64076c5d9eb12202a";"9b22f27298c1cdb7c368c46a3ec63cbc8e670eb83c6d6f8945f7dac0b07d4fb3"
9;1727786756;"bfaeaee26f2b0bfcf515940ac36a1a98a1f69c4ccc29ccd25cef42d4f0d4362b";"9b22f27298c1cdb7c368c46a3ec63cbc8e670eb83c6d6f8945f7dac0b07d4fb3";"f830ceaffb95530f4af87ba4071a2fd95e8d08903ff810c8077e502730bcb703"
10;1735582784;"b225c0fe10f29896994cc3c4c863ffd53a4bac513cdb9998a9b56df5e295b39c";"f830ceaffb95530f4af87ba4071a2fd95e8d08903ff810c8077e502730bcb703";"4c4f0a7de5e608ed6fcc7b5d0d85415168fded1124da798d67d63c6784676ae7"
